Type,Name,Request Count,Failure Count,Median Response Time,Average Response Time,Min Response Time,Max Response Time,Average Content Size,Requests/s,Failures/s,50%,66%,75%,80%,90%,95%,98%,99%,99.9%,99.99%,100%
GET,health,1715,0,320.0,1956.1171166326537,309.4742500002212,33035.62895799996,82.0,28.99493969323107,0.0,320,330,340,340,350,25000,30000,32000,33000,33000,33000
,Aggregated,1715,0,320.0,1956.1171166326537,309.4742500002212,33035.62895799996,82.0,28.99493969323107,0.0,320,330,340,340,350,25000,30000,32000,33000,33000,33000
