{
  "accuracy": [
    0.7666485905647278,
    0.9225771427154541,
    0.9642663598060608,
    0.9737411737442017,
    0.9872766733169556,
    0.9902544617652893,
    0.9918787479400635,
    0.9913372993469238,
    0.9935029745101929,
    0.9937736988067627,
    0.995127260684967,
    0.9962100982666016,
    0.9981050491333008,
    0.9981050491333008,
    0.9970222115516663
  ],
  "loss": [
    6.533431053161621,
    5.875706672668457,
    5.471615314483643,
    5.1150288581848145,
    4.741640567779541,
    4.383190155029297,
    4.02334451675415,
    3.6730387210845947,
    3.3294618129730225,
    3.006730079650879,
    2.6931698322296143,
    2.4018280506134033,
    2.1259829998016357,
    1.875948190689087,
    1.6488949060440063
  ],
  "precision": [
    0.8028932809829712,
    0.9305093884468079,
    0.96875,
    0.976832926273346,
    0.988843560218811,
    0.991047203540802,
    0.9932138919830322,
    0.992409884929657,
    0.9948425889015198,
    0.9948509335517883,
    0.995127260684967,
    0.9964788556098938,
    0.9981050491333008,
    0.9981034994125366,
    0.9972914457321167
  ],
  "recall": [
    0.7211694717407227,
    0.9098538160324097,
    0.9566864967346191,
    0.970221996307373,
    0.9837574362754822,
    0.988900899887085,
    0.9905251860618591,
    0.991066575050354,
    0.9921494126319885,
    0.9937736988067627,
    0.995127260684967,
    0.9959393739700317,
    0.9981050491333008,
    0.9972929358482361,
    0.9967514872550964
  ],
  "val_accuracy": [
    0.752525269985199,
    0.8055555820465088,
    0.8118686676025391,
    0.8598484992980957,
    0.8674242496490479,
    0.8939393758773804,
    0.9255050420761108,
    0.9318181872367859,
    0.933080792427063,
    0.9305555820465088,
    0.9431818127632141,
    0.9128788113594055,
    0.9444444179534912,
    0.9633838534355164,
    0.9545454382896423
  ],
  "val_loss": [
    6.481106281280518,
    6.068929672241211,
    5.687549114227295,
    5.253207683563232,
    4.9083123207092285,
    4.477041244506836,
    4.067868232727051,
    3.6764209270477295,
    3.3581345081329346,
    3.030141592025757,
    2.720125198364258,
    2.497188091278076,
    2.1599318981170654,
    1.8797743320465088,
    1.6728930473327637
  ],
  "val_precision": [
    0.8516579270362854,
    0.8416547775268555,
    0.8479452133178711,
    0.8865153789520264,
    0.8883048892021179,
    0.9006451368331909,
    0.9320513010025024,
    0.9433719515800476,
    0.9435173273086548,
    0.9386188983917236,
    0.9512194991111755,
    0.9173027873039246,
    0.9454314708709717,
    0.9633375406265259,
    0.9557521939277649
  ],
  "val_recall": [
    0.6161616444587708,
    0.7449495196342468,
    0.7815656661987305,
    0.8383838534355164,
    0.8535353541374207,
    0.881313145160675,
    0.9179292917251587,
    0.9255050420761108,
    0.9280303120613098,
    0.9267676472663879,
    0.935606062412262,
    0.9103535413742065,
    0.9406565427780151,
    0.9621211886405945,
    0.9545454382896423
  ],
  "learning_rate": [
    9.999999747378752e-05,
    9.999999747378752e-05,
    9.999999747378752e-05,
    9.999999747378752e-05,
    9.999999747378752e-05,
    9.999999747378752e-05,
    9.999999747378752e-05,
    9.999999747378752e-05,
    9.999999747378752e-05,
    9.999999747378752e-05,
    9.999999747378752e-05,
    9.999999747378752e-05,
    9.999999747378752e-05,
    9.999999747378752e-05,
    9.999999747378752e-05
  ]
}